set,id,type,question,answerable,correct,abstained,confidence,coverage,groundedness,citations_valid,citation_correct,latency_s,mode,answer,cited_pages
main,Q01,fact,What does SWC_DoorLockMgr do?,True,True,False,medium,0.8,1.0,True,True,0.053,extractive,"SWC_DoorLockMgr is an Application component: central locking state machine and lock arbitration. [S1] // Component: SWC_DoorLockMgr; Type: Application; Responsibility: Central locking state machine and lock arbitration [S2] // Step 2: SWC_DoorLockMgr compares VehicleSpeed with the auto-lock threshold of 15 km/h. [S3] // Step 3: If the threshold is exceeded and any door is unlocked, SWC_DoorLockMgr transitions to the state LOCKED. [S3] // Step 5: SWC_DoorLockMgr publishes the new DoorLockState. [S3]","[3, 6]"
main,Q02,fact,At what vehicle speed does auto-lock trigger?,True,True,False,medium,0.833,1.0,True,True,0.008,extractive,Auto-lock is triggered when VehicleSpeed exceeds 15 km/h while any door is unlocked. [S4] // Provider Port: SWC_VehicleSpeedProv.PP_VehicleSpeed; Requirer Port: SWC_DoorLockMgr.RP_VehicleSpeed; Purpose: Auto-lock threshold evaluation [S1] // ID: NFR-03; Requirement: Auto-lock vehicle speed threshold; Value: 15 km/h [S2] // Step 2: SWC_DoorLockMgr compares VehicleSpeed with the auto-lock threshold of 15 km/h. [S3],"[3, 5, 6]"
main,Q03,relation,Which component provides VehicleSpeed?,True,True,False,high,1.0,1.0,True,True,0.008,extractive,"Signal VehicleSpeed: CAN message VehSpd_ESC (ID 0x1F0), 8 bit, direction Rx, cycle 20 ms, mapped to port SWC_VehicleSpeedProv.PP_VehicleSpeed. [S1] // VehicleSpeed is provided by SWC_VehicleSpeedProv (port PP_VehicleSpeed, interface If_VehicleSpeed). [S2] // SWC_VehicleSpeedProv provides the filtered vehicle speed derived from the wheel-speed message VehSpd_ESC received from the ESC ECU. [S4] // Component: SWC_VehicleSpeedProv; Type: Application; Responsibility: Filtered vehicle speed provider [S3] // Component: SWC_VehicleSpeedProv; Port: PP_VehicleSpeed; Direction: P-Port; Interface: If_VehicleSpeed [S5] // Component: SWC_LightingCtrl; Port: RP_VehicleSpeed; Direction: R-Port; Interface: If_VehicleSpeed [S8]","[3, 4, 5]"
main,Q04,list,What ports does SWC_WindowCtrl have?,True,True,False,medium,0.8,1.0,True,True,0.008,extractive,"SWC_WindowCtrl is an Application component: power window control with anti-pinch protection. [S1] // SWC_WindowCtrl has 4 ports: RP_DoorState (R-Port, If_DoorState); PP_WindowPos (P-Port, If_WindowPos); RP_NvmAccess (R-Port, If_NvmAccess); PP_DiagData (P-Port, If_DiagData). [S2] // Component: SWC_WindowCtrl; Port: PP_WindowPos; Direction: P-Port; Interface: If_WindowPos [S3] // Component: SWC_WindowCtrl; Port: RP_DoorState; Direction: R-Port; Interface: If_DoorState [S4] // Component: SWC_WindowCtrl; Port: RP_NvmAccess; Direction: R-Port; Interface: If_NvmAccess [S6] // Component: SWC_WindowCtrl; Port: PP_DiagData; Direction: P-Port; Interface: If_DiagData [S7]","[3, 4]"
main,Q05,relation,Which components consume DoorLockState?,True,True,False,medium,0.8,1.0,True,True,0.008,extractive,"Signal DoorLockState: CAN message BDC_Status (ID 0x3B0), 8 bit, direction Tx, cycle 100 ms, mapped to port SWC_DoorLockMgr.PP_DoorState. [S1] // DoorLockState is consumed by SWC_WindowCtrl (port RP_DoorState), SWC_LightingCtrl (port RP_DoorState). [S2] // Component: SWC_DoorLockMgr; Type: Application; Responsibility: Central locking state machine and lock arbitration [S3] // Component: SWC_DoorLockMgr; Port: PP_DoorState; Direction: P-Port; Interface: If_DoorState [S5] // Interface: If_DoorState; Kind: Sender-Receiver; Data Element / Operation: DoorLockState; Data Type: uint8 [S4] // Signal: DoorLockState; CAN Message: BDC_Status; CAN ID: 0x3B0; Length (bit): 8; Dir: Tx; Cycle (ms): 100; Mapped Port: SWC_DoorLockMgr.PP_DoorState [S6]","[3, 4, 5]"
main,Q06,fact,How fast must the anti-pinch function reverse the window?,True,True,False,high,1.0,1.0,True,True,0.008,extractive,"Anti-pinch protection stops and reverses the window within 50 ms of pinch detection. [S1] // Component: SWC_WindowCtrl; Type: Application; Responsibility: Power window control with anti-pinch protection [S3] // ID: NFR-02; Requirement: Anti-pinch reversal time after pinch detection; Value: max 50 ms [S5] // The comfort-close function raises all windows when the vehicle is locked with the key fob held for more than 2 seconds, using DoorLockState from SWC_DoorLockMgr. [S1]","[3, 6]"
main,Q07,fact,What is the CAN ID of the BDC_Status message?,True,True,False,high,1.0,1.0,True,True,0.01,extractive,"Signal DoorLockState: CAN message BDC_Status (ID 0x3B0), 8 bit, direction Tx, cycle 100 ms, mapped to port SWC_DoorLockMgr.PP_DoorState. [S1] // Signal: DoorLockState; CAN Message: BDC_Status; CAN ID: 0x3B0; Length (bit): 8; Dir: Tx; Cycle (ms): 100; Mapped Port: SWC_DoorLockMgr.PP_DoorState [S2] // Step 7: The Com stack transmits BDC_Status within 100 ms of Step 1. [S4] // Step 6: SWC_DoorLockMgr publishes DoorLockStatus to SWC_WindowCtrl and SWC_LightingCtrl. [S4]","[5, 6]"
main,Q08,fact,What is the cycle time of the VehSpd_ESC message?,True,True,False,medium,0.833,1.0,True,True,0.009,extractive,"Signal VehicleSpeed: CAN message VehSpd_ESC (ID 0x1F0), 8 bit, direction Rx, cycle 20 ms, mapped to port SWC_VehicleSpeedProv.PP_VehicleSpeed. [S1] // Signal: VehicleSpeed; CAN Message: VehSpd_ESC; CAN ID: 0x1F0; Length (bit): 8; Dir: Rx; Cycle (ms): 20; Mapped Port: SWC_VehicleSpeedProv.PP_VehicleSpeed [S6] // SWC_VehicleSpeedProv provides the filtered vehicle speed derived from the wheel-speed message VehSpd_ESC received from the ESC ECU. [S2]","[4, 5]"
main,Q09,fact,How long is the courtesy lamp on after unlock?,True,True,False,high,1.0,1.0,True,True,0.008,extractive,"ID: NFR-05; Requirement: Courtesy lamp on-time after unlock; Value: 30 s [S2] // The courtesy lamp is switched on for 30 seconds when SWC_DoorLockMgr reports an unlocked state. [S1] // SWC_LightingCtrl controls the exterior lighting: low beam, high beam, turn indicators and the courtesy lamp. [S1]","[3, 6]"
main,Q10,list,Which NVM blocks does SWC_NvmManager manage?,True,True,False,medium,0.833,1.0,True,True,0.008,extractive,"SWC_NvmManager is a Service component: non-volatile memory access service. [S1] // It manages three NVM blocks: LockStateBlock (4 bytes), WindowCalibBlock (16 bytes) and DtcBlock (64 bytes). [S2]","[3, 4]"
main,Q11,fact,What NRC is returned for an unsupported data identifier?,True,True,False,high,1.0,1.0,True,True,0.007,extractive,Requests for unsupported identifiers are answered with negative response code (NRC) 0x31. [S1] // Step 4: For an unsupported identifier SWC_DiagHandler sends negative response code 0x31. [S2],"[4, 6]"
main,Q12,fact,Which DID is owned by SWC_WindowCtrl?,True,True,False,high,1.0,1.0,True,True,0.007,extractive,SWC_WindowCtrl is an Application component: power window control with anti-pinch protection. [S1] // SWC_WindowCtrl owns DIDs: 0x0200 WindowCalibStatus (1 byte). [S2] // Step 1: SWC_WindowCtrl detects a pinch event from the motor current while a window is closing. [S3] // Step 2: SWC_WindowCtrl stops the motor and reverses the window within 50 ms. [S3] // Step 3: SWC_WindowCtrl publishes the new WindowPosition. [S3] // SWC_WindowCtrl controls the four power windows including one-touch up and down movement. [S4],"[3, 5, 6]"
main,Q13,fact,What is the data type of the VehicleSpeed element?,True,True,False,high,1.0,1.0,True,True,0.008,extractive,"Signal VehicleSpeed: CAN message VehSpd_ESC (ID 0x1F0), 8 bit, direction Rx, cycle 20 ms, mapped to port SWC_VehicleSpeedProv.PP_VehicleSpeed. [S1] // VehicleSpeed (interface If_VehicleSpeed) has data type uint16. [S2] // Interface: If_VehicleSpeed; Kind: Sender-Receiver; Data Element / Operation: VehicleSpeed; Data Type: uint16 [S3] // Step 1: SWC_VehicleSpeedProv publishes VehicleSpeed every 20 ms. [S4] // Step 2: SWC_DoorLockMgr compares VehicleSpeed with the auto-lock threshold of 15 km/h. [S4] // SWC_VehicleSpeedProv provides the filtered vehicle speed derived from the wheel-speed message VehSpd_ESC received from the ESC ECU. [S5]","[4, 5, 6]"
main,Q14,fact,What is the resolution of the vehicle speed value?,True,True,False,high,1.0,1.0,True,True,0.008,extractive,The value is a 16-bit unsigned integer with a resolution of 0.01 km/h. [S1] // ID: NFR-03; Requirement: Auto-lock vehicle speed threshold; Value: 15 km/h [S4] // SWC_VehicleSpeedProv provides the filtered vehicle speed derived from the wheel-speed message VehSpd_ESC received from the ESC ECU. [S1] // The BDC receives remote commands from the key fob receiver and the vehicle speed from the ESC ECU. [S2],"[2, 4, 6]"
main,Q15,fact,Which diagnostic services does SWC_DiagHandler support?,True,True,False,high,0.857,1.0,True,True,0.007,extractive,SWC_DiagHandler is a Service component: uDS diagnostic request routing. [S1] // Component: SWC_DiagHandler; Type: Service; Responsibility: UDS diagnostic request routing [S2] // Step 1: A UDS request with service 0x22 for a data identifier is received by SWC_DiagHandler. [S3] // Step 3: The owning component returns the data and SWC_DiagHandler sends a positive response with service 0x62. [S3] // It supports the services ReadDataByIdentifier (0x22) and WriteDataByIdentifier (0x2E) for the data identifiers defined in Section 4.3. [S4],"[3, 4, 6]"
main,Q16,fact,What happens when the rolling-code counter is invalid?,True,True,False,high,1.0,1.0,True,True,0.009,extractive,It validates the rolling-code counter supplied by the immobilizer and discards commands with an invalid counter. [S1] // Step 2: SWC_KeyFobHandler validates the rolling-code counter and discards invalid commands. [S2],"[3, 6]"
main,Q17,fact,When does the comfort-close function operate?,True,True,False,medium,0.6,1.0,True,True,0.008,extractive,"The comfort-close function raises all windows when the vehicle is locked with the key fob held for more than 2 seconds, using DoorLockState from SWC_DoorLockMgr. [S1] // Provider Port: SWC_DoorLockMgr.PP_DoorState; Requirer Port: SWC_WindowCtrl.RP_DoorState; Purpose: Comfort close [S6]","[3, 5]"
main,Q18,fact,What is the turn indicator flash frequency?,True,True,False,medium,0.75,1.0,True,True,0.009,extractive,"Turn indicators flash at 1.5 Hz. [S1] // SWC_LightingCtrl controls the exterior lighting: low beam, high beam, turn indicators and the courtesy lamp. [S1]",[3]
main,Q19,fact,How many bytes is the DtcBlock?,True,True,False,high,1.0,1.0,True,True,0.009,extractive,"It manages three NVM blocks: LockStateBlock (4 bytes), WindowCalibBlock (16 bytes) and DtcBlock (64 bytes). [S1]",[4]
main,Q20,fact,Which runnable does SWC_KeyFobHandler execute and at what period?,True,True,False,medium,0.75,1.0,True,True,0.008,extractive,SWC_KeyFobHandler is an Application component: remote key fob command decoding and validation. [S1] // Runnable KeyFobHandler_Run20ms executes every 20 ms. [S2] // SWC_KeyFobHandler decodes remote key fob commands received on the CAN message KeyFob_Cmd. [S2] // Component: SWC_KeyFobHandler; Type: Application; Responsibility: Remote key fob command decoding and validation [S3] // Step 2: SWC_KeyFobHandler validates the rolling-code counter and discards invalid commands. [S4],"[3, 6]"
main,Q21,flow,List the steps of the remote unlock flow.,True,True,False,low,1.0,0.455,True,True,0.008,extractive,"Step 1: The Com stack receives the CAN message KeyFob_Cmd and updates the signal KeyFobCmd. Step 2: SWC_KeyFobHandler validates the rolling-code counter and discards invalid commands. Step 3: SWC_KeyFobHandler publishes KeyFobCmd with value 2 (unlock) through port PP_KeyFobCmd. Step 4: SWC_DoorLockMgr transitions from the state LOCKED to the state UNLOCKED. Step 5: SWC_DoorLockMgr writes the new state through SWC_NvmManager. Step 6: SWC_DoorLockMgr publishes DoorLockStatus to SWC_WindowCtrl and SWC_LightingCtrl. Step 7: The Com stack transmits BDC_Status within 100 ms of Step 1. [S1] // The BDC receives remote commands from the key fob receiver and the vehicle speed from the ESC ECU. [S2] // Step 3: If the threshold is exceeded and any door is unlocked, SWC_DoorLockMgr transitions to the state LOCKED. [S3] // SWC_DoorLockMgr implements the central locking state machine with the states LOCKED, UNLOCKED and SUPERLOCKED. [S6] // It arbitrates lock and unlock requests from SWC_KeyFobHandler and from the auto-lock function. [S6]","[2, 3, 6]"
main,Q22,relation,Who is the requirer of SWC_NvmManager.PP_NvmAccess?,True,True,False,high,1.0,1.0,True,True,0.008,extractive,Connections of SWC_NvmManager.PP_NvmAccess: provider SWC_NvmManager.PP_NvmAccess -> requirer SWC_DoorLockMgr.RP_NvmAccess (Persist lock state); provider SWC_NvmManager.PP_NvmAccess -> requirer SWC_WindowCtrl.RP_NvmAccess (Persist window calibration). [S1] // SWC_NvmManager is a Service component: non-volatile memory access service. [S2] // Provider Port: SWC_NvmManager.PP_NvmAccess; Requirer Port: SWC_WindowCtrl.RP_NvmAccess; Purpose: Persist window calibration [S3] // Provider Port: SWC_NvmManager.PP_NvmAccess; Requirer Port: SWC_DoorLockMgr.RP_NvmAccess; Purpose: Persist lock state [S4] // Component: SWC_NvmManager; Port: PP_NvmAccess; Direction: P-Port; Interface: If_NvmAccess [S5] // SWC_NvmManager provides non-volatile storage services through the client-server interface If_NvmAccess. [S7],"[3, 4, 5]"
main,Q23,fact,What is the maximum latency from key fob command to lock actuation?,True,True,False,high,0.857,1.0,True,True,0.008,extractive,ID: NFR-01; Requirement: Central lock actuation latency from KeyFobCmd reception; Value: max 100 ms [S3] // Valid commands are forwarded to SWC_DoorLockMgr as KeyFobCmd. [S2] // Provider Port: SWC_KeyFobHandler.PP_KeyFobCmd; Requirer Port: SWC_DoorLockMgr.RP_KeyFobCmd; Purpose: Forward validated remote commands [S6] // The BDC receives remote commands from the key fob receiver and the vehicle speed from the ESC ECU. [S1],"[2, 3, 5, 6]"
main,Q24,fact,How long does an NVM write take to complete?,True,True,False,medium,0.6,1.0,True,True,0.007,extractive,Writes are queued and executed asynchronously by the memory stack; a write completes within 20 ms under normal conditions. [S1],[4]
main,Q25,fact,What happens if the vehicle speed CRC fails?,True,True,False,high,1.0,1.0,True,True,0.007,extractive,"Signals with a failed CRC are replaced by the last valid value for up to 100 ms, after which the output is flagged invalid. [S1] // ID: NFR-06; Requirement: Vehicle speed signal hold time after CRC failure; Value: max 100 ms [S5]","[4, 6]"
main,Q26,fact,What AUTOSAR release is the BDC software based on?,True,True,False,high,1.0,1.0,True,True,0.007,extractive,The software is based on AUTOSAR Classic Platform release R22-11. [S1] // The application software runs on a synthetic 32-bit microcontroller under an AUTOSAR Classic Platform operating system. [S2] // The AUTOSAR Classic Platform software component template and RTE specification are used for terminology only. [S3] // Version: 1.0; Date: 2026-09-15; Change: Initial release of the BDC high-level design. [S6],"[2, 7]"
main,Q27,fact,Which interface type is If_NvmAccess?,True,True,False,high,1.0,1.0,True,True,0.006,extractive,"If_NvmAccess is a Client-Server interface with elements/operations: ReadBlock (Std_ReturnType), WriteBlock (Std_ReturnType). [S1] // Interface: If_NvmAccess; Kind: Client-Server; Data Element / Operation: ReadBlock; Data Type: Std_ReturnType [S2] // Interface: If_NvmAccess; Kind: Client-Server; Data Element / Operation: WriteBlock; Data Type: Std_ReturnType [S3] // Component: SWC_NvmManager; Port: PP_NvmAccess; Direction: P-Port; Interface: If_NvmAccess [S4] // Component: SWC_WindowCtrl; Port: RP_NvmAccess; Direction: R-Port; Interface: If_NvmAccess [S5]","[4, 5]"
main,Q28,relation,Which components does SWC_DoorLockMgr depend on?,True,True,False,high,0.857,1.0,True,True,0.007,extractive,SWC_DoorLockMgr is an Application component: central locking state machine and lock arbitration. [S1] // SWC_DoorLockMgr depends on: SWC_KeyFobHandler (provider port PP_KeyFobCmd -> RP_KeyFobCmd); SWC_VehicleSpeedProv (provider port PP_VehicleSpeed -> RP_VehicleSpeed); SWC_NvmManager (provider port PP_NvmAccess -> RP_NvmAccess). [S2] // Component: SWC_DoorLockMgr; Type: Application; Responsibility: Central locking state machine and lock arbitration [S3] // Component: SWC_DoorLockMgr; Port: PP_DoorState; Direction: P-Port; Interface: If_DoorState [S4] // DID: 0x0100; Name: DoorLockCounter; Owner Component: SWC_DoorLockMgr; Length (bytes): 2 [S5] // DID: 0x0101; Name: LastLockState; Owner Component: SWC_DoorLockMgr; Length (bytes): 1 [S8],"[3, 4, 5]"
main,Q29,fact,Which CAN message carries LampCmd?,True,True,False,medium,0.75,1.0,True,True,0.007,extractive,"Signal LampCmd: CAN message BDC_Lamp (ID 0x3B2), 8 bit, direction Tx, cycle 50 ms, mapped to port SWC_LightingCtrl.PP_LampCmd. [S1] // Signal: LampCmd; CAN Message: BDC_Lamp; CAN ID: 0x3B2; Length (bit): 8; Dir: Tx; Cycle (ms): 50; Mapped Port: SWC_LightingCtrl.PP_LampCmd [S2] // Signal: KeyFobCmd; CAN Message: KeyFob_Cmd; CAN ID: 0x2A0; Length (bit): 8; Dir: Rx; Cycle (ms): Event; Mapped Port: SWC_KeyFobHandler.PP_KeyFobCmd [S3] // Interface: If_LampCmd; Kind: Sender-Receiver; Data Element / Operation: LampCmd; Data Type: uint8 [S4] // Component: SWC_LightingCtrl; Port: PP_LampCmd; Direction: P-Port; Interface: If_LampCmd [S5]","[4, 5]"
main,Q30,fact,What is the direction of the KeyFobCmd signal?,True,True,False,high,1.0,1.0,True,True,0.007,extractive,"Signal KeyFobCmd: CAN message KeyFob_Cmd (ID 0x2A0), 8 bit, direction Rx, cycle Event ms, mapped to port SWC_KeyFobHandler.PP_KeyFobCmd. [S1] // Signal: KeyFobCmd; CAN Message: KeyFob_Cmd; CAN ID: 0x2A0; Length (bit): 8; Dir: Rx; Cycle (ms): Event; Mapped Port: SWC_KeyFobHandler.PP_KeyFobCmd [S2] // Step 1: The Com stack receives the CAN message KeyFob_Cmd and updates the signal KeyFobCmd. [S3] // Component: SWC_KeyFobHandler; Port: PP_KeyFobCmd; Direction: P-Port; Interface: If_KeyFobCmd [S5] // Step 3: SWC_KeyFobHandler publishes KeyFobCmd with value 2 (unlock) through port PP_KeyFobCmd. [S3]","[4, 5, 6]"
main,Q31,fact,What is the CAN bit rate used by the BDC?,True,True,False,high,1.0,1.0,True,True,0.008,extractive,The BDC communicates on a single high-speed CAN network with a bit rate of 500 kbit/s. [S1] // The AUTOSAR Classic Platform software component template and RTE specification are used for terminology only. [S6],[2]
main,O01,out_of_scope,What is the maximum torque of the engine in the vehicle?,False,True,True,none,0.25,1.0,True,,0.007,gate,Insufficient evidence in the approved documents to answer this question.,[]
main,O02,out_of_scope,Who is the CEO of Bosch?,False,True,True,none,0.0,1.0,True,,0.006,gate,Insufficient evidence in the approved documents to answer this question.,[]
main,O03,out_of_scope,What is the tyre pressure monitoring threshold?,False,True,True,none,0.25,1.0,True,,0.006,gate,Insufficient evidence in the approved documents to answer this question.,[]
main,O04,out_of_scope,Describe the ADAS lane keeping algorithm.,False,True,True,none,0.0,1.0,True,,0.007,gate,Insufficient evidence in the approved documents to answer this question.,[]
main,O05,out_of_scope,What is the battery capacity?,False,True,True,none,0.0,1.0,True,,0.006,gate,Insufficient evidence in the approved documents to answer this question.,[]
heldout,H01,heldout,What is the purpose of the key fob handler component?,True,True,False,high,1.0,1.0,True,True,0.008,extractive,Component: SWC_KeyFobHandler; Type: Application; Responsibility: Remote key fob command decoding and validation [S4] // SWC_KeyFobHandler decodes remote key fob commands received on the CAN message KeyFob_Cmd. [S1] // Runnable KeyFobHandler_Run20ms executes every 20 ms. [S1] // Step 2: SWC_KeyFobHandler validates the rolling-code counter and discards invalid commands. [S5],"[3, 6]"
heldout,H02,heldout,Tell me the threshold speed at which the doors lock themselves.,True,True,False,medium,0.667,1.0,True,True,0.009,extractive,"Step 2: SWC_DoorLockMgr compares VehicleSpeed with the auto-lock threshold of 15 km/h. [S2] // Provider Port: SWC_VehicleSpeedProv.PP_VehicleSpeed; Requirer Port: SWC_DoorLockMgr.RP_VehicleSpeed; Purpose: Auto-lock threshold evaluation [S6] // Step 3: If the threshold is exceeded and any door is unlocked, SWC_DoorLockMgr transitions to the state LOCKED. [S2]","[5, 6]"
heldout,H03,heldout,Which software component is responsible for storing data in non-volatile memory?,True,True,False,medium,0.75,1.0,True,True,0.008,extractive,Component: SWC_NvmManager; Type: Service; Responsibility: Non-volatile memory access service [S1] // Term: NVM; Meaning: Non-Volatile Memory [S2],"[2, 3]"
heldout,H04,heldout,How many software components are in the architecture?,True,True,False,high,1.0,1.0,True,True,0.008,extractive,"Components: SWC_DoorLockMgr, SWC_KeyFobHandler, SWC_WindowCtrl, SWC_LightingCtrl, SWC_VehicleSpeedProv, SWC_DiagHandler, SWC_NvmManager. [S1] // The application layer of the BDC consists of seven software components (SWC) that communicate through the RTE. [S2] // Figure 3-1: BDC software component overview [S2] // The AUTOSAR Classic Platform software component template and RTE specification are used for terminology only. [S3] // Term: SWC; Meaning: Software Component [S7]","[2, 3]"
heldout,H05,heldout,Does the lighting component need the speed signal?,True,False,False,medium,0.667,1.0,True,False,0.007,extractive,Component: SWC_LightingCtrl; Type: Application; Responsibility: Exterior lighting and courtesy lamp control [S2],[3]
heldout,H06,heldout,For how long is the last speed value kept when its checksum is wrong?,True,False,True,none,0.5,1.0,True,False,0.007,gate,Insufficient evidence in the approved documents to answer this question.,[]
heldout,H07,heldout,Which ECU sends the wheel speed message?,True,True,False,high,1.0,1.0,True,True,0.008,extractive,SWC_VehicleSpeedProv provides the filtered vehicle speed derived from the wheel-speed message VehSpd_ESC received from the ESC ECU. [S1] // The BDC receives remote commands from the key fob receiver and the vehicle speed from the ESC ECU. [S2],"[2, 4]"
heldout,H08,heldout,How are unsupported diagnostic identifiers handled?,True,True,False,medium,0.75,1.0,True,True,0.008,extractive,Requests for unsupported identifiers are answered with negative response code (NRC) 0x31. [S2] // Table 4-3: Diagnostic data identifiers [S1],"[4, 5]"
heldout,H09,heldout,Which runnable executes every 50 ms?,True,True,False,high,1.0,1.0,True,True,0.008,extractive,Runnable LightingCtrl_Run50ms executes every 50 ms. [S1] // Runnable VehSpeedProv_Run20ms executes every 20 ms. [S2] // Runnable WindowCtrl_Run10ms executes every 10 ms. [S3] // Runnable KeyFobHandler_Run20ms executes every 20 ms. [S4],"[3, 4]"
heldout,H10,heldout,Which window function is triggered by holding the key fob for more than two seconds?,True,True,False,medium,0.778,1.0,True,True,0.008,extractive,"The comfort-close function raises all windows when the vehicle is locked with the key fob held for more than 2 seconds, using DoorLockState from SWC_DoorLockMgr. [S1]",[3]
heldout,H11,heldout,What are the states of the central locking state machine?,True,True,False,high,1.0,1.0,True,True,0.008,extractive,"SWC_DoorLockMgr implements the central locking state machine with the states LOCKED, UNLOCKED and SUPERLOCKED. [S1] // Component: SWC_DoorLockMgr; Type: Application; Responsibility: Central locking state machine and lock arbitration [S2] // It implements central locking, power windows and exterior lighting. [S4]","[2, 3]"
heldout,H12,heldout,Which interface does the PP_DiagData port use?,True,True,False,medium,0.714,1.0,True,True,0.007,extractive,Component: SWC_WindowCtrl; Port: PP_DiagData; Direction: P-Port; Interface: If_DiagData [S1] // Component: SWC_DoorLockMgr; Port: PP_DiagData; Direction: P-Port; Interface: If_DiagData [S2] // Provider Port: SWC_WindowCtrl.PP_DiagData; Requirer Port: SWC_DiagHandler.RP_DiagWindow; Purpose: Diagnostic data access to window data [S3] // Provider Port: SWC_DoorLockMgr.PP_DiagData; Requirer Port: SWC_DiagHandler.RP_DiagDoor; Purpose: Diagnostic data access to door lock data [S5],"[4, 5]"
heldout,H13,heldout,Which component stores the lock state after it changes?,True,True,False,medium,0.667,1.0,True,True,0.007,extractive,The component persists the last lock state through SWC_NvmManager every time the state changes. [S1],[3]
heldout,H14,heldout,In which byte order are the CAN signals transmitted?,True,True,False,high,1.0,1.0,True,True,0.011,extractive,All signals are transmitted in Motorola byte order. [S1],[5]
heldout,H15,heldout,Which CAN message carries the lamp command and how often is it sent?,True,False,True,none,0.5,1.0,True,False,0.01,gate,Insufficient evidence in the approved documents to answer this question.,[]
heldout,H16,out_of_scope,What is the maximum payload of a CAN FD frame?,False,True,True,none,0.0,1.0,True,,0.01,gate,Insufficient evidence in the approved documents to answer this question.,[]
heldout,H17,out_of_scope,Which company manufactures the BDC hardware?,False,True,True,none,0.25,1.0,True,,0.009,gate,Insufficient evidence in the approved documents to answer this question.,[]
heldout,H18,out_of_scope,What is the over-the-air update procedure for the BDC?,False,True,True,none,0.4,1.0,True,,0.007,gate,Insufficient evidence in the approved documents to answer this question.,[]
